year;week;epid;season;t_inc;yearweek
1985;1;0;1985;155;198501
1985;2;0;1985;177;198502
1985;3;1;1985;388;198503
1985;4;1;1985;770;198504
1985;5;1;1985;1155;198505
1985;6;1;1985;1026;198506
1985;7;1;1985;855;198507
1985;8;1;1985;707;198508
1985;9;1;1985;670;198509
1985;10;1;1985;640;198510
1985;11;1;1985;501;198511
1985;12;1;1985;445;198512
1985;13;1;1985;357;198513
1985;14;1;1985;244;198514
1985;15;0;1985;116;198515
1985;16;0;1985;91;198516
1985;17;0;1985;62;198517
1985;18;0;1985;74;198518
1985;19;0;1985;78;198519
1985;20;0;1985;51;198520
1985;21;0;1985;47;198521
1985;22;0;1985;44;198522
1985;23;0;1985;35;198523
1985;24;0;1985;36;198524
1985;25;0;1985;35;198525
1985;26;0;1985;34;198526
1985;27;0;1986;36;198527
1985;28;0;1986;26;198528
1985;29;0;1986;24;198529
1985;30;0;1986;21;198530
1985;31;0;1986;31;198531
1985;32;0;1986;14;198532
1985;33;0;1986;41;198533
1985;34;0;1986;73;198534
1985;35;0;1986;55;198535
1985;36;0;1986;51;198536
1985;37;0;1986;40;198537
1985;38;0;1986;50;198538
1985;39;0;1986;72;198539
1985;40;0;1986;90;198540
1985;41;0;1986;83;198541
1985;42;0;1986;138;198542
1985;43;0;1986;158;198543
1985;44;0;1986;122;198544
1985;45;0;1986;104;198545
1985;46;0;1986;128;198546
1985;47;0;1986;120;198547
1985;48;0;1986;124;198548
1985;49;0;1986;120;198549
1985;50;0;1986;156;198550
1985;51;0;1986;208;198551
1985;52;0;1986;157;198552
1986;1;0;1986;203;198601
1986;2;1;1986;322;198602
1986;3;1;1986;490;198603
1986;4;1;1986;629;198604
1986;5;1;1986;658;198605
1986;6;1;1986;793;198606
1986;7;1;1986;886;198607
1986;8;1;1986;810;198608
1986;9;1;1986;580;198609
1986;10;1;1986;464;198610
1986;11;1;1986;303;198611
1986;12;1;1986;225;198612
1986;13;0;1986;157;198613
1986;14;0;1986;90;198614
1986;15;0;1986;77;198615
1986;16;0;1986;74;198616
1986;17;0;1986;63;198617
1986;18;0;1986;57;198618
1986;19;0;1986;40;198619
1986;20;0;1986;31;198620
1986;21;0;1986;26;198621
1986;22;0;1986;18;198622
1986;23;0;1986;26;198623
1986;24;0;1986;20;198624
1986;25;0;1986;20;198625
1986;26;0;1986;16;198626
1986;27;0;1987;14;198627
1986;28;0;1987;4;198628
1986;29;0;1987;7;198629
1986;30;0;1987;4;198630
1986;31;0;1987;4;198631
1986;32;0;1987;2;198632
1986;33;0;1987;6;198633
1986;34;0;1987;10;198634
1986;35;0;1987;19;198635
1986;36;0;1987;17;198636
1986;37;0;1987;29;198637
1986;38;0;1987;48;198638
1986;39;0;1987;52;198639
1986;40;0;1987;60;198640
1986;41;0;1987;59;198641
1986;42;0;1987;57;198642
1986;43;0;1987;50;198643
1986;44;0;1987;52;198644
1986;45;0;1987;70;198645
1986;46;0;1987;58;198646
1986;47;0;1987;66;198647
1986;48;0;1987;83;198648
1986;49;0;1987;102;198649
1986;50;0;1987;133;198650
1986;51;0;1987;132;198651
1986;52;0;1987;138;198652
1987;1;0;1987;125;198701
1987;2;0;1987;133;198702
1987;3;0;1987;187;198703
1987;4;1;1987;285;198704
1987;5;1;1987;424;198705
1987;6;1;1987;533;198706
1987;7;1;1987;518;198707
1987;8;1;1987;391;198708
1987;9;1;1987;264;198709
1987;10;0;1987;167;198710
1987;11;0;1987;96;198711
1987;12;0;1987;107;198712
1987;13;0;1987;112;198713
1987;14;0;1987;91;198714
1987;15;0;1987;80;198715
1987;16;0;1987;58;198716
1987;17;0;1987;38;198717
1987;18;0;1987;29;198718
1987;19;0;1987;23;198719
1987;20;0;1987;19;198720
1987;21;0;1987;32;198721
1987;22;0;1987;27;198722
1987;23;0;1987;29;198723
1987;24;0;1987;20;198724
1987;25;0;1987;42;198725
1987;26;0;1987;22;198726
1987;27;0;1988;18;198727
1987;28;0;1988;5;198728
1987;29;0;1988;8;198729
1987;30;0;1988;8;198730
1987;31;0;1988;15;198731
1987;32;0;1988;13;198732
1987;33;0;1988;12;198733
1987;34;0;1988;12;198734
1987;35;0;1988;11;198735
1987;36;0;1988;14;198736
1987;37;0;1988;20;198737
1987;38;0;1988;30;198738
1987;39;0;1988;58;198739
1987;40;0;1988;44;198740
1987;41;0;1988;76;198741
1987;42;0;1988;68;198742
1987;43;0;1988;83;198743
1987;44;0;1988;74;198744
1987;45;0;1988;64;198745
1987;46;0;1988;67;198746
1987;47;0;1988;53;198747
1987;48;0;1988;75;198748
1987;49;0;1988;89;198749
1987;50;0;1988;104;198750
1987;51;0;1988;86;198751
1987;52;0;1988;21;198752
1987;53;0;1988;85;198753
1988;1;0;1988;109;198801
1988;2;0;1988;107;198802
1988;3;0;1988;123;198803
1988;4;0;1988;130;198804
1988;5;0;1988;130;198805
1988;6;0;1988;124;198806
1988;7;0;1988;138;198807
1988;8;0;1988;157;198808
1988;9;1;1988;243;198809
1988;10;1;1988;421;198810
1988;11;1;1988;566;198811
1988;12;1;1988;507;198812
1988;13;1;1988;347;198813
1988;14;1;1988;222;198814
1988;15;1;1988;126;198815
1988;16;0;1988;60;198816
1988;17;0;1988;39;198817
1988;18;0;1988;37;198818
1988;19;0;1988;33;198819
1988;20;0;1988;25;198820
1988;21;0;1988;20;198821
1988;22;0;1988;21;198822
1988;23;0;1988;16;198823
1988;24;0;1988;12;198824
1988;25;0;1988;14;198825
1988;26;0;1989;13;198826
1988;27;0;1989;8;198827
1988;28;0;1989;15;198828
1988;29;0;1989;11;198829
1988;30;0;1989;8;198830
1988;31;0;1989;16;198831
1988;32;0;1989;13;198832
1988;33;0;1989;14;198833
1988;34;0;1989;9;198834
1988;35;0;1989;14;198835
1988;36;0;1989;13;198836
1988;37;0;1989;28;198837
1988;38;0;1989;63;198838
1988;39;0;1989;78;198839
1988;40;0;1989;71;198840
1988;41;0;1989;83;198841
1988;42;0;1989;81;198842
1988;43;0;1989;68;198843
1988;44;0;1989;75;198844
1988;45;0;1989;97;198845
1988;46;1;1989;165;198846
1988;47;1;1989;440;198847
1988;48;1;1989;1141;198848
1988;49;1;1989;1729;198849
1988;50;1;1989;1793;198850
1988;51;1;1989;1562;198851
1988;52;1;1989;837;198852
1989;1;1;1989;360;198901
1989;2;1;1989;200;198902
1989;3;0;1989;118;198903
1989;4;0;1989;98;198904
1989;5;0;1989;94;198905
1989;6;0;1989;85;198906
1989;7;0;1989;49;198907
1989;8;0;1989;35;198908
1989;9;0;1989;23;198909
1989;10;0;1989;22;198910
1989;11;0;1989;30;198911
1989;12;0;1989;24;198912
1989;13;0;1989;19;198913
1989;14;0;1989;27;198914
1989;15;0;1989;17;198915
1989;16;0;1989;19;198916
1989;17;0;1989;19;198917
1989;18;0;1989;24;198918
1989;19;0;1989;-;198919
1989;20;0;1989;11;198920
1989;21;0;1989;17;198921
1989;22;0;1989;16;198922
1989;23;0;1989;21;198923
1989;24;0;1989;11;198924
1989;25;0;1989;11;198925
1989;26;0;1990;10;198926
1989;27;0;1990;6;198927
1989;28;0;1990;2;198928
1989;29;0;1990;7;198929
1989;30;0;1990;6;198930
1989;31;0;1990;5;198931
1989;32;0;1990;13;198932
1989;33;0;1990;14;198933
1989;34;0;1990;11;198934
1989;35;0;1990;8;198935
1989;36;0;1990;8;198936
1989;37;0;1990;21;198937
1989;38;0;1990;33;198938
1989;39;0;1990;44;198939
1989;40;0;1990;56;198940
1989;41;0;1990;78;198941
1989;42;0;1990;70;198942
1989;43;0;1990;53;198943
1989;44;0;1990;42;198944
1989;45;0;1990;40;198945
1989;46;0;1990;42;198946
1989;47;0;1990;73;198947
1989;48;1;1990;212;198948
1989;49;1;1990;638;198949
1989;50;1;1990;1334;198950
1989;51;1;1990;1463;198951
1989;52;1;1990;1035;198952
1990;1;1;1990;855;199001
1990;2;1;1990;610;199002
1990;3;1;1990;558;199003
1990;4;1;1990;509;199004
1990;5;1;1990;286;199005
1990;6;1;1990;707;199006
1990;7;0;1990;109;199007
1990;8;0;1990;46;199008
1990;9;0;1990;39;199009
1990;10;0;1990;29;199010
1990;11;0;1990;35;199011
1990;12;0;1990;30;199012
1990;13;0;1990;39;199013
1990;14;0;1990;23;199014
1990;15;0;1990;21;199015
1990;16;0;1990;14;199016
1990;17;0;1990;9;199017
1990;18;0;1990;3;199018
1990;19;0;1990;10;199019
1990;20;0;1990;8;199020
1990;21;0;1990;2;199021
1990;22;0;1990;7;199022
1990;23;0;1990;6;199023
1990;24;0;1990;10;199024
1990;25;0;1990;14;199025
1990;26;0;1991;13;199026
1990;27;0;1991;5;199027
1990;28;0;1991;2;199028
1990;29;0;1991;2;199029
1990;30;0;1991;1;199030
1990;31;0;1991;2;199031
1990;32;0;1991;2;199032
1990;33;0;1991;0;199033
1990;34;0;1991;0;199034
1990;35;0;1991;2;199035
1990;36;0;1991;4;199036
1990;37;0;1991;7;199037
1990;38;0;1991;20;199038
1990;39;0;1991;28;199039
1990;40;0;1991;36;199040
1990;41;0;1991;35;199041
1990;42;0;1991;23;199042
1990;43;0;1991;31;199043
1990;44;0;1991;29;199044
1990;45;0;1991;31;199045
1990;46;0;1991;36;199046
1990;47;0;1991;41;199047
1990;48;0;1991;52;199048
1990;49;0;1991;68;199049
1990;50;0;1991;78;199050
1990;51;0;1991;83;199051
1990;52;0;1991;73;199052
1991;1;0;1991;76;199101
1991;2;0;1991;52;199102
1991;3;0;1991;52;199103
1991;4;0;1991;85;199104
1991;5;0;1991;129;199105
1991;6;1;1991;237;199106
1991;7;1;1991;367;199107
1991;8;1;1991;381;199108
1991;9;1;1991;245;199109
1991;10;1;1991;156;199110
1991;11;0;1991;81;199111
1991;12;0;1991;49;199112
1991;13;0;1991;57;199113
1991;14;0;1991;49;199114
1991;15;0;1991;26;199115
1991;16;0;1991;28;199116
1991;17;0;1991;27;199117
1991;18;0;1991;19;199118
1991;19;0;1991;14;199119
1991;20;0;1991;15;199120
1991;21;0;1991;11;199121
1991;22;0;1991;11;199122
1991;23;0;1991;12;199123
1991;24;0;1991;14;199124
1991;25;0;1991;14;199125
1991;26;0;1991;11;199126
1991;27;0;1992;6;199127
1991;28;0;1992;6;199128
1991;29;0;1992;7;199129
1991;30;0;1992;4;199130
1991;31;0;1992;4;199131
1991;32;0;1992;1;199132
1991;33;0;1992;3;199133
1991;34;0;1992;4;199134
1991;35;0;1992;4;199135
1991;36;0;1992;4;199136
1991;37;0;1992;4;199137
1991;38;0;1992;13;199138
1991;39;0;1992;25;199139
1991;40;0;1992;47;199140
1991;41;0;1992;50;199141
1991;42;0;1992;48;199142
1991;43;0;1992;51;199143
1991;44;0;1992;38;199144
1991;45;0;1992;34;199145
1991;46;0;1992;42;199146
1991;47;0;1992;63;199147
1991;48;0;1992;79;199148
1991;49;1;1992;165;199149
1991;50;1;1992;350;199150
1991;51;1;1992;666;199151
1991;52;1;1992;615;199152
1992;1;1;1992;434;199201
1992;2;1;1992;325;199202
1992;3;1;1992;241;199203
1992;4;1;1992;259;199204
1992;5;1;1992;290;199205
1992;6;1;1992;197;199206
1992;7;0;1992;100;199207
1992;8;0;1992;66;199208
1992;9;0;1992;47;199209
1992;10;0;1992;34;199210
1992;11;0;1992;20;199211
1992;12;0;1992;21;199212
1992;13;0;1992;20;199213
1992;14;0;1992;20;199214
1992;15;0;1992;15;199215
1992;16;0;1992;10;199216
1992;17;0;1992;6;199217
1992;18;0;1992;7;199218
1992;19;0;1992;5;199219
1992;20;0;1992;8;199220
1992;21;0;1992;9;199221
1992;22;0;1992;9;199222
1992;23;0;1992;7;199223
1992;24;0;1992;10;199224
1992;25;0;1992;9;199225
1992;26;0;1992;10;199226
1992;27;0;1993;10;199227
1992;28;0;1993;7;199228
1992;29;0;1993;6;199229
1992;30;0;1993;5;199230
1992;31;0;1993;7;199231
1992;32;0;1993;9;199232
1992;33;0;1993;7;199233
1992;34;0;1993;5;199234
1992;35;0;1993;11;199235
1992;36;0;1993;9;199236
1992;37;0;1993;13;199237
1992;38;0;1993;17;199238
1992;39;0;1993;24;199239
1992;40;0;1993;31;199240
1992;41;0;1993;42;199241
1992;42;0;1993;52;199242
1992;43;0;1993;44;199243
1992;44;0;1993;48;199244
1992;45;0;1993;39;199245
1992;46;0;1993;40;199246
1992;47;0;1993;46;199247
1992;48;0;1993;57;199248
1992;49;0;1993;69;199249
1992;50;0;1993;70;199250
1992;51;0;1993;72;199251
1992;52;0;1993;87;199252
1992;53;0;1993;99;199253
1993;1;0;1993;131;199301
1993;2;0;1993;157;199302
1993;3;1;1993;258;199303
1993;4;1;1993;337;199304
1993;5;1;1993;446;199305
1993;6;1;1993;500;199306
1993;7;1;1993;433;199307
1993;8;1;1993;389;199308
1993;9;1;1993;321;199309
1993;10;1;1993;223;199310
1993;11;1;1993;140;199311
1993;12;1;1993;111;199312
1993;13;1;1993;110;199313
1993;14;0;1993;67;199314
1993;15;0;1993;39;199315
1993;16;0;1993;43;199316
1993;17;0;1993;14;199317
1993;18;0;1993;9;199318
1993;19;0;1993;8;199319
1993;20;0;1993;9;199320
1993;21;0;1993;10;199321
1993;22;0;1993;6;199322
1993;23;0;1993;13;199323
1993;24;0;1993;12;199324
1993;25;0;1993;15;199325
1993;26;0;1994;5;199326
1993;27;0;1994;4;199327
1993;28;0;1994;3;199328
1993;29;0;1994;6;199329
1993;30;0;1994;7;199330
1993;31;0;1994;7;199331
1993;32;0;1994;7;199332
1993;33;0;1994;6;199333
1993;34;0;1994;5;199334
1993;35;0;1994;10;199335
1993;36;0;1994;8;199336
1993;37;0;1994;12;199337
1993;38;0;1994;18;199338
1993;39;0;1994;26;199339
1993;40;0;1994;24;199340
1993;41;0;1994;32;199341
1993;42;0;1994;33;199342
1993;43;0;1994;26;199343
1993;44;0;1994;31;199344
1993;45;0;1994;56;199345
1993;46;1;1994;133;199346
1993;47;1;1994;421;199347
1993;48;1;1994;920;199348
1993;49;1;1994;1565;199349
1993;50;1;1994;1094;199350
1993;51;1;1994;658;199351
1993;52;1;1994;406;199352
1994;1;1;1994;205;199401
1994;2;0;1994;82;199402
1994;3;0;1994;52;199403
1994;4;0;1994;41;199404
1994;5;0;1994;32;199405
1994;6;0;1994;30;199406
1994;7;0;1994;25;199407
1994;8;0;1994;17;199408
1994;9;0;1994;10;199409
1994;10;0;1994;8;199410
1994;11;0;1994;9;199411
1994;12;0;1994;7;199412
1994;13;0;1994;6;199413
1994;14;0;1994;8;199414
1994;15;0;1994;12;199415
1994;16;0;1994;9;199416
1994;17;0;1994;4;199417
1994;18;0;1994;6;199418
1994;19;0;1994;3;199419
1994;20;0;1994;4;199420
1994;21;0;1994;4;199421
1994;22;0;1994;1;199422
1994;23;0;1994;11;199423
1994;24;0;1994;11;199424
1994;25;0;1994;9;199425
1994;26;0;1995;2;199426
1994;27;0;1995;1;199427
1994;28;0;1995;3;199428
1994;29;0;1995;2;199429
1994;30;0;1995;4;199430
1994;31;0;1995;9;199431
1994;32;0;1995;8;199432
1994;33;0;1995;7;199433
1994;34;0;1995;6;199434
1994;35;0;1995;8;199435
1994;36;0;1995;5;199436
1994;37;0;1995;10;199437
1994;38;0;1995;27;199438
1994;39;0;1995;28;199439
1994;40;0;1995;28;199440
1994;41;0;1995;24;199441
1994;42;0;1995;25;199442
1994;43;0;1995;20;199443
1994;44;0;1995;20;199444
1994;45;0;1995;21;199445
1994;46;0;1995;25;199446
1994;47;0;1995;26;199447
1994;48;0;1995;32;199448
1994;49;0;1995;37;199449
1994;50;0;1995;50;199450
1994;51;0;1995;47;199451
1994;52;0;1995;38;199452
1995;1;0;1995;46;199501
1995;2;0;1995;41;199502
1995;3;0;1995;43;199503
1995;4;0;1995;48;199504
1995;5;0;1995;48;199505
1995;6;0;1995;65;199506
1995;7;0;1995;53;199507
1995;8;0;1995;66;199508
1995;9;0;1995;69;199509
1995;10;0;1995;86;199510
1995;11;1;1995;142;199511
1995;12;1;1995;212;199512
1995;13;1;1995;363;199513
1995;14;1;1995;431;199514
1995;15;1;1995;313;199515
1995;16;1;1995;243;199516
1995;17;1;1995;153;199517
1995;18;1;1995;68;199518
1995;19;0;1995;45;199519
1995;20;0;1995;33;199520
1995;21;0;1995;21;199521
1995;22;0;1995;24;199522
1995;23;0;1995;24;199523
1995;24;0;1995;14;199524
1995;25;0;1995;8;199525
1995;26;0;1996;9;199526
1995;27;0;1996;8;199527
1995;28;0;1996;6;199528
1995;29;0;1996;4;199529
1995;30;0;1996;3;199530
1995;31;0;1996;3;199531
1995;32;0;1996;1;199532
1995;33;0;1996;2;199533
1995;34;0;1996;3;199534
1995;35;0;1996;4;199535
1995;36;0;1996;6;199536
1995;37;0;1996;8;199537
1995;38;0;1996;23;199538
1995;39;0;1996;32;199539
1995;40;0;1996;28;199540
1995;41;0;1996;26;199541
1995;42;0;1996;26;199542
1995;43;0;1996;28;199543
1995;44;0;1996;23;199544
1995;45;0;1996;52;199545
1995;46;0;1996;108;199546
1995;47;1;1996;209;199547
1995;48;1;1996;357;199548
1995;49;1;1996;650;199549
1995;50;1;1996;1047;199550
1995;51;1;1996;1299;199551
1995;52;1;1996;688;199552
1996;1;1;1996;386;199601
1996;2;1;1996;182;199602
1996;3;0;1996;94;199603
1996;4;0;1996;75;199604
1996;5;0;1996;44;199605
1996;6;0;1996;38;199606
1996;7;0;1996;40;199607
1996;8;0;1996;33;199608
1996;9;0;1996;34;199609
1996;10;0;1996;36;199610
1996;11;0;1996;42;199611
1996;12;0;1996;55;199612
1996;13;0;1996;53;199613
1996;14;0;1996;77;199614
1996;15;0;1996;89;199615
1996;16;0;1996;51;199616
1996;17;0;1996;43;199617
1996;18;0;1996;32;199618
1996;19;0;1996;21;199619
1996;20;0;1996;18;199620
1996;21;0;1996;12;199621
1996;22;0;1996;7;199622
1996;23;0;1996;5;199623
1996;24;0;1996;4;199624
1996;25;0;1996;4;199625
1996;26;0;1996;5;199626
1996;27;0;1997;8;199627
1996;28;0;1997;5;199628
1996;29;0;1997;3;199629
1996;30;0;1997;5;199630
1996;31;0;1997;5;199631
1996;32;0;1997;3;199632
1996;33;0;1997;1;199633
1996;34;0;1997;2;199634
1996;35;0;1997;3;199635
1996;36;0;1997;2;199636
1996;37;0;1997;5;199637
1996;38;0;1997;16;199638
1996;39;0;1997;14;199639
1996;40;0;1997;19;199640
1996;41;0;1997;17;199641
1996;42;0;1997;21;199642
1996;43;0;1997;22;199643
1996;44;0;1997;19;199644
1996;45;0;1997;44;199645
1996;46;0;1997;55;199646
1996;47;0;1997;124;199647
1996;48;1;1997;338;199648
1996;49;1;1997;710;199649
1996;50;1;1997;924;199650
1996;51;1;1997;1106;199651
1996;52;1;1997;670;199652
1997;1;1;1997;483;199701
1997;2;1;1997;364;199702
1997;3;1;1997;248;199703
1997;4;1;1997;167;199704
1997;5;1;1997;165;199705
1997;6;0;1997;132;199706
1997;7;0;1997;122;199707
1997;8;0;1997;95;199708
1997;9;0;1997;51;199709
1997;10;0;1997;38;199710
1997;11;0;1997;34;199711
1997;12;0;1997;30;199712
1997;13;0;1997;31;199713
1997;14;0;1997;23;199714
1997;15;0;1997;16;199715
1997;16;0;1997;21;199716
1997;17;0;1997;24;199717
1997;18;0;1997;9;199718
1997;19;0;1997;8;199719
1997;20;0;1997;6;199720
1997;21;0;1997;4;199721
1997;22;0;1997;4;199722
1997;23;0;1997;8;199723
1997;24;0;1997;8;199724
1997;25;0;1997;7;199725
1997;26;0;1997;10;199726
1997;27;0;1998;4;199727
1997;28;0;1998;3;199728
1997;29;0;1998;3;199729
1997;30;0;1998;4;199730
1997;31;0;1998;2;199731
1997;32;0;1998;4;199732
1997;33;0;1998;3;199733
1997;34;0;1998;6;199734
1997;35;0;1998;3;199735
1997;36;0;1998;9;199736
1997;37;0;1998;8;199737
1997;38;0;1998;6;199738
1997;39;0;1998;18;199739
1997;40;0;1998;23;199740
1997;41;0;1998;29;199741
1997;42;0;1998;26;199742
1997;43;0;1998;29;199743
1997;44;0;1998;34;199744
1997;45;0;1998;31;199745
1997;46;0;1998;14;199746
1997;47;0;1998;19;199747
1997;48;0;1998;20;199748
1997;49;0;1998;27;199749
1997;50;0;1998;58;199750
1997;51;0;1998;60;199751
1997;52;0;1998;50;199752
1998;1;0;1998;43;199801
1998;2;0;1998;53;199802
1998;3;0;1998;41;199803
1998;4;0;1998;51;199804
1998;5;0;1998;77;199805
1998;6;1;1998;151;199806
1998;7;1;1998;326;199807
1998;8;1;1998;465;199808
1998;9;1;1998;390;199809
1998;10;1;1998;347;199810
1998;11;1;1998;378;199811
1998;12;1;1998;452;199812
1998;13;1;1998;512;199813
1998;14;1;1998;547;199814
1998;15;1;1998;294;199815
1998;16;1;1998;211;199816
1998;17;1;1998;105;199817
1998;18;0;1998;54;199818
1998;19;0;1998;41;199819
1998;20;0;1998;21;199820
1998;21;0;1998;8;199821
1998;22;0;1998;9;199822
1998;23;0;1998;15;199823
1998;24;0;1998;28;199824
1998;25;0;1998;31;199825
1998;26;0;1998;18;199826
1998;27;0;1999;21;199827
1998;28;0;1999;16;199828
1998;29;0;1999;11;199829
1998;30;0;1999;9;199830
1998;31;0;1999;21;199831
1998;32;0;1999;2;199832
1998;33;0;1999;5;199833
1998;34;0;1999;7;199834
1998;35;0;1999;4;199835
1998;36;0;1999;5;199836
1998;37;0;1999;12;199837
1998;38;0;1999;19;199838
1998;39;0;1999;29;199839
1998;40;0;1999;35;199840
1998;41;0;1999;42;199841
1998;42;0;1999;32;199842
1998;43;0;1999;21;199843
1998;44;0;1999;22;199844
1998;45;0;1999;22;199845
1998;46;0;1999;24;199846
1998;47;0;1999;25;199847
1998;48;0;1999;39;199848
1998;49;0;1999;57;199849
1998;50;0;1999;94;199850
1998;51;0;1999;134;199851
1998;52;0;1999;124;199852
1998;53;1;1999;185;199853
1999;1;1;1999;222;199901
1999;2;1;1999;275;199902
1999;3;1;1999;414;199903
1999;4;1;1999;630;199904
1999;5;1;1999;815;199905
1999;6;1;1999;844;199906
1999;7;1;1999;896;199907
1999;8;1;1999;536;199908
1999;9;1;1999;355;199909
1999;10;1;1999;253;199910
1999;11;1;1999;156;199911
1999;12;0;1999;99;199912
1999;13;0;1999;66;199913
1999;14;0;1999;32;199914
1999;15;0;1999;20;199915
1999;16;0;1999;13;199916
1999;17;0;1999;5;199917
1999;18;0;1999;5;199918
1999;19;0;1999;11;199919
1999;20;0;1999;10;199920
1999;21;0;1999;7;199921
1999;22;0;1999;8;199922
1999;23;0;1999;9;199923
1999;24;0;1999;7;199924
1999;25;0;1999;9;199925
1999;26;0;2000;6;199926
1999;27;0;2000;9;199927
1999;28;0;2000;6;199928
1999;29;0;2000;7;199929
1999;30;0;2000;3;199930
1999;31;0;2000;5;199931
1999;32;0;2000;12;199932
1999;33;0;2000;17;199933
1999;34;0;2000;13;199934
1999;35;0;2000;6;199935
1999;36;0;2000;14;199936
1999;37;0;2000;13;199937
1999;38;0;2000;21;199938
1999;39;0;2000;49;199939
1999;40;0;2000;41;199940
1999;41;0;2000;43;199941
1999;42;0;2000;33;199942
1999;43;0;2000;31;199943
1999;44;0;2000;31;199944
1999;45;0;2000;30;199945
1999;46;0;2000;15;199946
1999;47;0;2000;61;199947
1999;48;0;2000;100;199948
1999;49;1;2000;192;199949
1999;50;1;2000;310;199950
1999;51;1;2000;465;199951
1999;52;1;2000;663;199952
2000;1;1;2000;922;200001
2000;2;1;2000;886;200002
2000;3;1;2000;824;200003
2000;4;1;2000;637;200004
2000;5;1;2000;445;200005
2000;6;1;2000;249;200006
2000;7;0;2000;101;200007
2000;8;0;2000;40;200008
2000;9;0;2000;25;200009
2000;10;0;2000;15;200010
2000;11;0;2000;21;200011
2000;12;0;2000;12;200012
2000;13;0;2000;15;200013
2000;14;0;2000;19;200014
2000;15;0;2000;20;200015
2000;16;0;2000;9;200016
2000;17;0;2000;12;200017
2000;18;0;2000;9;200018
2000;19;0;2000;24;200019
2000;20;0;2000;8;200020
2000;21;0;2000;7;200021
2000;22;0;2000;8;200022
2000;23;0;2000;15;200023
2000;24;0;2000;9;200024
2000;25;0;2000;7;200025
2000;26;0;2001;3;200026
2000;27;0;2001;4;200027
2000;28;0;2001;2;200028
2000;29;0;2001;3;200029
2000;30;0;2001;0;200030
2000;31;0;2001;4;200031
2000;32;0;2001;2;200032
2000;33;0;2001;3;200033
2000;34;0;2001;9;200034
2000;35;0;2001;10;200035
2000;36;0;2001;5;200036
2000;37;0;2001;4;200037
2000;38;0;2001;13;200038
2000;39;0;2001;33;200039
2000;40;0;2001;46;200040
2000;41;0;2001;68;200041
2000;42;0;2001;70;200042
2000;43;0;2001;63;200043
2000;44;0;2001;28;200044
2000;45;0;2001;43;200045
2000;46;0;2001;35;200046
2000;47;0;2001;110;200047
2000;48;0;2001;74;200048
2000;49;0;2001;126;200049
2000;50;1;2001;169;200050
2000;51;1;2001;213;200051
2000;52;1;2001;244;200052
2001;1;1;2001;167;200101
2001;2;1;2001;178;200102
2001;3;1;2001;236;200103
2001;4;1;2001;354;200104
2001;5;1;2001;471;200105
2001;6;1;2001;382;200106
2001;7;1;2001;215;200107
2001;8;0;2001;131;200108
2001;9;0;2001;99;200109
2001;10;0;2001;79;200110
2001;11;0;2001;84;200111
2001;12;0;2001;77;200112
2001;13;0;2001;82;200113
2001;14;0;2001;68;200114
2001;15;0;2001;41;200115
2001;16;0;2001;41;200116
2001;17;0;2001;44;200117
2001;18;0;2001;36;200118
2001;19;0;2001;29;200119
2001;20;0;2001;26;200120
2001;21;0;2001;15;200121
2001;22;0;2001;8;200122
2001;23;0;2001;11;200123
2001;24;0;2001;8;200124
2001;25;0;2001;4;200125
2001;26;0;2002;6;200126
2001;27;0;2002;8;200127
2001;28;0;2002;6;200128
2001;29;0;2002;4;200129
2001;30;0;2002;4;200130
2001;31;0;2002;32;200131
2001;32;0;2002;0;200132
2001;33;0;2002;0;200133
2001;34;0;2002;5;200134
2001;35;0;2002;7;200135
2001;36;0;2002;8;200136
2001;37;0;2002;14;200137
2001;38;0;2002;16;200138
2001;39;0;2002;43;200139
2001;40;0;2002;31;200140
2001;41;0;2002;34;200141
2001;42;0;2002;32;200142
2001;43;0;2002;39;200143
2001;44;0;2002;19;200144
2001;45;0;2002;35;200145
2001;46;0;2002;36;200146
2001;47;0;2002;46;200147
2001;48;0;2002;73;200148
2001;49;0;2002;59;200149
2001;50;0;2002;53;200150
2001;51;0;2002;78;200151
2001;52;0;2002;98;200152
2002;1;1;2002;194;200201
2002;2;1;2002;410;200202
2002;3;1;2002;645;200203
2002;4;1;2002;848;200204
2002;5;1;2002;767;200205
2002;6;1;2002;546;200206
2002;7;1;2002;286;200207
2002;8;1;2002;197;200208
2002;9;0;2002;107;200209
2002;10;0;2002;72;200210
2002;11;0;2002;68;200211
2002;12;0;2002;56;200212
2002;13;0;2002;46;200213
2002;14;0;2002;40;200214
2002;15;0;2002;36;200215
2002;16;0;2002;30;200216
2002;17;0;2002;12;200217
2002;18;0;2002;10;200218
2002;19;0;2002;10;200219
2002;20;0;2002;6;200220
2002;21;0;2002;10;200221
2002;22;0;2002;8;200222
2002;23;0;2002;26;200223
2002;24;0;2002;20;200224
2002;25;0;2002;8;200225
2002;26;0;2002;8;200226
2002;27;0;2003;3;200227
2002;28;0;2003;11;200228
2002;29;0;2003;9;200229
2002;30;0;2003;6;200230
2002;31;0;2003;9;200231
2002;32;0;2003;2;200232
2002;33;0;2003;4;200233
2002;34;0;2003;5;200234
2002;35;0;2003;4;200235
2002;36;0;2003;3;200236
2002;37;0;2003;21;200237
2002;38;0;2003;12;200238
2002;39;0;2003;27;200239
2002;40;0;2003;14;200240
2002;41;0;2003;19;200241
2002;42;0;2003;23;200242
2002;43;0;2003;24;200243
2002;44;0;2003;30;200244
2002;45;0;2003;32;200245
2002;46;0;2003;21;200246
2002;47;0;2003;28;200247
2002;48;0;2003;33;200248
2002;49;0;2003;41;200249
2002;50;0;2003;59;200250
2002;51;0;2003;80;200251
2002;52;0;2003;79;200252
2003;1;0;2003;52;200301
2003;2;0;2003;53;200302
2003;3;0;2003;85;200303
2003;4;0;2003;159;200304
2003;5;1;2003;254;200305
2003;6;1;2003;346;200306
2003;7;1;2003;396;200307
2003;8;1;2003;372;200308
2003;9;1;2003;296;200309
2003;10;1;2003;203;200310
2003;11;1;2003;167;200311
2003;12;1;2003;148;200312
2003;13;1;2003;118;200313
2003;14;1;2003;117;200314
2003;15;1;2003;116;200315
2003;16;0;2003;85;200316
2003;17;0;2003;77;200317
2003;18;0;2003;20;200318
2003;19;0;2003;14;200319
2003;20;0;2003;13;200320
2003;21;0;2003;9;200321
2003;22;0;2003;4;200322
2003;23;0;2003;8;200323
2003;24;0;2003;14;200324
2003;25;0;2003;4;200325
2003;26;0;2003;9;200326
2003;27;0;2004;4;200327
2003;28;0;2004;7;200328
2003;29;0;2004;11;200329
2003;30;0;2004;5;200330
2003;31;0;2004;9;200331
2003;32;0;2004;3;200332
2003;33;0;2004;3;200333
2003;34;0;2004;4;200334
2003;35;0;2004;3;200335
2003;36;0;2004;18;200336
2003;37;0;2004;25;200337
2003;38;0;2004;25;200338
2003;39;0;2004;44;200339
2003;40;0;2004;52;200340
2003;41;0;2004;49;200341
2003;42;0;2004;65;200342
2003;43;0;2004;77;200343
2003;44;0;2004;91;200344
2003;45;1;2004;160;200345
2003;46;1;2004;244;200346
2003;47;1;2004;556;200347
2003;48;1;2004;860;200348
2003;49;1;2004;928;200349
2003;50;1;2004;873;200350
2003;51;1;2004;744;200351
2003;52;1;2004;121;200352
2004;1;1;2004;181;200401
2004;2;0;2004;158;200402
2004;3;0;2004;100;200403
2004;4;0;2004;74;200404
2004;5;0;2004;58;200405
2004;6;0;2004;46;200406
2004;7;0;2004;42;200407
2004;8;0;2004;29;200408
2004;9;0;2004;21;200409
2004;10;0;2004;37;200410
2004;11;0;2004;23;200411
2004;12;0;2004;21;200412
2004;13;0;2004;14;200413
2004;14;0;2004;26;200414
2004;15;0;2004;14;200415
2004;16;0;2004;9;200416
2004;17;0;2004;6;200417
2004;18;0;2004;8;200418
2004;19;0;2004;12;200419
2004;20;0;2004;13;200420
2004;21;0;2004;13;200421
2004;22;0;2004;13;200422
2004;23;0;2004;16;200423
2004;24;0;2004;11;200424
2004;25;0;2004;5;200425
2004;26;0;2004;12;200426
2004;27;0;2005;12;200427
2004;28;0;2005;11;200428
2004;29;0;2005;9;200429
2004;30;0;2005;6;200430
2004;31;0;2005;5;200431
2004;32;0;2005;6;200432
2004;33;0;2005;3;200433
2004;34;0;2005;7;200434
2004;35;0;2005;7;200435
2004;36;0;2005;13;200436
2004;37;0;2005;15;200437
2004;38;0;2005;29;200438
2004;39;0;2005;38;200439
2004;40;0;2005;43;200440
2004;41;0;2005;26;200441
2004;42;0;2005;34;200442
2004;43;0;2005;28;200443
2004;44;0;2005;38;200444
2004;45;0;2005;26;200445
2004;46;0;2005;23;200446
2004;47;0;2005;35;200447
2004;48;0;2005;51;200448
2004;49;0;2005;45;200449
2004;50;0;2005;70;200450
2004;51;0;2005;77;200451
2004;52;0;2005;54;200452
2004;53;0;2005;68;200453
2005;1;0;2005;92;200501
2005;2;0;2005;147;200502
2005;3;1;2005;255;200503
2005;4;1;2005;523;200504
2005;5;1;2005;938;200505
2005;6;1;2005;939;200506
2005;7;1;2005;759;200507
2005;8;1;2005;458;200508
2005;9;1;2005;416;200509
2005;10;1;2005;367;200510
2005;11;1;2005;302;200511
2005;12;1;2005;149;200512
2005;13;0;2005;71;200513
2005;14;0;2005;36;200514
2005;15;0;2005;25;200515
2005;16;0;2005;16;200516
2005;17;0;2005;12;200517
2005;18;0;2005;5;200518
2005;19;0;2005;13;200519
2005;20;0;2005;13;200520
2005;21;0;2005;7;200521
2005;22;0;2005;6;200522
2005;23;0;2005;9;200523
2005;24;0;2005;10;200524
2005;25;0;2005;4;200525
2005;26;0;2006;8;200526
2005;27;0;2006;4;200527
2005;28;0;2006;3;200528
2005;29;0;2006;7;200529
2005;30;0;2006;4;200530
2005;31;0;2006;6;200531
2005;32;0;2006;3;200532
2005;33;0;2006;5;200533
2005;34;0;2006;9;200534
2005;35;0;2006;4;200535
2005;36;0;2006;12;200536
2005;37;0;2006;17;200537
2005;38;0;2006;36;200538
2005;39;0;2006;40;200539
2005;40;0;2006;44;200540
2005;41;0;2006;44;200541
2005;42;0;2006;39;200542
2005;43;0;2006;30;200543
2005;44;0;2006;34;200544
2005;45;0;2006;24;200545
2005;46;0;2006;40;200546
2005;47;0;2006;44;200547
2005;48;0;2006;41;200548
2005;49;0;2006;46;200549
2005;50;0;2006;61;200550
2005;51;0;2006;67;200551
2005;52;0;2006;53;200552
2006;1;0;2006;57;200601
2006;2;0;2006;64;200602
2006;3;0;2006;109;200603
2006;4;1;2006;171;200604
2006;5;1;2006;303;200605
2006;6;1;2006;421;200606
2006;7;1;2006;400;200607
2006;8;1;2006;326;200608
2006;9;1;2006;269;200609
2006;10;1;2006;204;200610
2006;11;1;2006;201;200611
2006;12;1;2006;177;200612
2006;13;1;2006;126;200613
2006;14;0;2006;66;200614
2006;15;0;2006;44;200615
2006;16;0;2006;36;200616
2006;17;0;2006;29;200617
2006;18;0;2006;7;200618
2006;19;0;2006;8;200619
2006;20;0;2006;15;200620
2006;21;0;2006;8;200621
2006;22;0;2006;10;200622
2006;23;0;2006;7;200623
2006;24;0;2006;7;200624
2006;25;0;2006;10;200625
2006;26;0;2007;7;200626
2006;27;0;2007;2;200627
2006;28;0;2007;1;200628
2006;29;0;2007;2;200629
2006;30;0;2007;1;200630
2006;31;0;2007;3;200631
2006;32;0;2007;0;200632
2006;33;0;2007;0;200633
2006;34;0;2007;3;200634
2006;35;0;2007;4;200635
2006;36;0;2007;2;200636
2006;37;0;2007;3;200637
2006;38;0;2007;4;200638
2006;39;0;2007;15;200639
2006;40;0;2007;20;200640
2006;41;0;2007;23;200641
2006;42;0;2007;27;200642
2006;43;0;2007;35;200643
2006;44;0;2007;13;200644
2006;45;0;2007;20;200645
2006;46;0;2007;23;200646
2006;47;0;2007;26;200647
2006;48;0;2007;27;200648
2006;49;0;2007;31;200649
2006;50;0;2007;58;200650
2006;51;0;2007;103;200651
2006;52;0;2007;128;200652
2007;1;0;2007;115;200701
2007;2;0;2007;135;200702
2007;3;1;2007;206;200703
2007;4;1;2007;342;200704
2007;5;1;2007;612;200705
2007;6;1;2007;815;200706
2007;7;1;2007;681;200707
2007;8;1;2007;516;200708
2007;9;1;2007;226;200709
2007;10;0;2007;81;200710
2007;11;0;2007;50;200711
2007;12;0;2007;41;200712
2007;13;0;2007;35;200713
2007;14;0;2007;19;200714
2007;15;0;2007;8;200715
2007;16;0;2007;6;200716
2007;17;0;2007;8;200717
2007;18;0;2007;4;200718
2007;19;0;2007;5;200719
2007;20;0;2007;10;200720
2007;21;0;2007;7;200721
2007;22;0;2007;13;200722
2007;23;0;2007;9;200723
2007;24;0;2007;5;200724
2007;25;0;2007;6;200725
2007;26;0;2008;0;200726
2007;27;0;2008;2;200727
2007;28;0;2008;2;200728
2007;29;0;2008;6;200729
2007;30;0;2008;4;200730
2007;31;0;2008;3;200731
2007;32;0;2008;0;200732
2007;33;0;2008;7;200733
2007;34;0;2008;5;200734
2007;35;0;2008;2;200735
2007;36;0;2008;2;200736
2007;37;0;2008;2;200737
2007;38;0;2008;8;200738
2007;39;0;2008;26;200739
2007;40;0;2008;22;200740
2007;41;0;2008;21;200741
2007;42;0;2008;33;200742
2007;43;0;2008;26;200743
2007;44;0;2008;23;200744
2007;45;0;2008;25;200745
2007;46;0;2008;30;200746
2007;47;0;2008;50;200747
2007;48;0;2008;79;200748
2007;49;0;2008;63;200749
2007;50;0;2008;74;200750
2007;51;0;2008;101;200751
2007;52;0;2008;141;200752
2008;1;0;2008;167;200801
2008;2;1;2008;262;200802
2008;3;1;2008;424;200803
2008;4;1;2008;473;200804
2008;5;1;2008;561;200805
2008;6;1;2008;615;200806
2008;7;1;2008;467;200807
2008;8;1;2008;324;200808
2008;9;1;2008;195;200809
2008;10;1;2008;147;200810
2008;11;0;2008;101;200811
2008;12;0;2008;87;200812
2008;13;0;2008;63;200813
2008;14;0;2008;74;200814
2008;15;0;2008;37;200815
2008;16;0;2008;19;200816
2008;17;0;2008;17;200817
2008;18;0;2008;9;200818
2008;19;0;2008;8;200819
2008;20;0;2008;11;200820
2008;21;0;2008;6;200821
2008;22;0;2008;3;200822
2008;23;0;2008;5;200823
2008;24;0;2008;5;200824
2008;25;0;2008;3;200825
2008;26;0;2008;1;200826
2008;27;0;2009;5;200827
2008;28;0;2009;5;200828
2008;29;0;2009;3;200829
2008;30;0;2009;6;200830
2008;31;0;2009;6;200831
2008;32;0;2009;7;200832
2008;33;0;2009;12;200833
2008;34;0;2009;4;200834
2008;35;0;2009;3;200835
2008;36;0;2009;4;200836
2008;37;0;2009;4;200837
2008;38;0;2009;6;200838
2008;39;0;2009;4;200839
2008;40;0;2009;13;200840
2008;41;0;2009;16;200841
2008;42;0;2009;15;200842
2008;43;0;2009;15;200843
2008;44;0;2009;16;200844
2008;45;0;2009;20;200845
2008;46;0;2009;18;200846
2008;47;0;2009;30;200847
2008;48;0;2009;42;200848
2008;49;0;2009;57;200849
2008;50;0;2009;84;200850
2008;51;1;2009;184;200851
2008;52;1;2009;323;200852
2009;1;1;2009;319;200901
2009;2;1;2009;457;200902
2009;3;1;2009;829;200903
2009;4;1;2009;868;200904
2009;5;1;2009;640;200905
2009;6;1;2009;440;200906
2009;7;1;2009;225;200907
2009;8;1;2009;174;200908
2009;9;0;2009;112;200909
2009;10;0;2009;85;200910
2009;11;0;2009;64;200911
2009;12;0;2009;62;200912
2009;13;0;2009;44;200913
2009;14;0;2009;42;200914
2009;15;0;2009;28;200915
2009;16;0;2009;23;200916
2009;17;0;2009;15;200917
2009;18;0;2009;15;200918
2009;19;0;2009;12;200919
2009;20;0;2009;15;200920
2009;21;0;2009;11;200921
2009;22;0;2009;10;200922
2009;23;0;2009;7;200923
2009;24;0;2009;12;200924
2009;25;0;2009;12;200925
2009;26;0;2009;16;200926
2009;27;0;2010;16;200927
2009;28;0;2010;25;200928
2009;29;0;2010;17;200929
2009;30;0;2010;22;200930
2009;31;0;2010;48;200931
2009;32;0;2010;37;200932
2009;33;0;2010;39;200933
2009;34;0;2010;40;200934
2009;35;0;2010;50;200935
2009;36;0;2010;73;200936
2009;37;1;2010;161;200937
2009;38;1;2010;220;200938
2009;39;1;2010;193;200939
2009;40;1;2010;178;200940
2009;41;1;2010;160;200941
2009;42;1;2010;158;200942
2009;43;1;2010;209;200943
2009;44;1;2010;271;200944
2009;45;1;2010;234;200945
2009;46;1;2010;356;200946
2009;47;1;2010;603;200947
2009;48;1;2010;744;200948
2009;49;1;2010;754;200949
2009;50;1;2010;604;200950
2009;51;1;2010;395;200951
2009;52;1;2010;275;200952
2009;53;0;2010;153;200953
2010;1;0;2010;106;201001
2010;2;0;2010;65;201002
2010;3;0;2010;58;201003
2010;4;0;2010;54;201004
2010;5;0;2010;35;201005
2010;6;0;2010;44;201006
2010;7;0;2010;31;201007
2010;8;0;2010;25;201008
2010;9;0;2010;19;201009
2010;10;0;2010;14;201010
2010;11;0;2010;14;201011
2010;12;0;2010;11;201012
2010;13;0;2010;11;201013
2010;14;0;2010;10;201014
2010;15;0;2010;6;201015
2010;16;0;2010;6;201016
2010;17;0;2010;4;201017
2010;18;0;2010;7;201018
2010;19;0;2010;4;201019
2010;20;0;2010;4;201020
2010;21;0;2010;6;201021
2010;22;0;2010;10;201022
2010;23;0;2010;6;201023
2010;24;0;2010;6;201024
2010;25;0;2010;13;201025
2010;26;0;2011;9;201026
2010;27;0;2011;4;201027
2010;28;0;2011;2;201028
2010;29;0;2011;7;201029
2010;30;0;2011;6;201030
2010;31;0;2011;4;201031
2010;32;0;2011;1;201032
2010;33;0;2011;5;201033
2010;34;0;2011;8;201034
2010;35;0;2011;7;201035
2010;36;0;2011;8;201036
2010;37;0;2011;8;201037
2010;38;0;2011;14;201038
2010;39;0;2011;19;201039
2010;40;0;2011;29;201040
2010;41;0;2011;28;201041
2010;42;0;2011;30;201042
2010;43;0;2011;25;201043
2010;44;0;2011;25;201044
2010;45;0;2011;14;201045
2010;46;0;2011;25;201046
2010;47;0;2011;42;201047
2010;48;0;2011;59;201048
2010;49;0;2011;88;201049
2010;50;0;2011;167;201050
2010;51;1;2011;253;201051
2010;52;1;2011;363;201052
2011;1;1;2011;490;201101
2011;2;1;2011;489;201102
2011;3;1;2011;437;201103
2011;4;1;2011;440;201104
2011;5;1;2011;440;201105
2011;6;1;2011;343;201106
2011;7;1;2011;236;201107
2011;8;0;2011;124;201108
2011;9;0;2011;86;201109
2011;10;0;2011;53;201110
2011;11;0;2011;23;201111
2011;12;0;2011;20;201112
2011;13;0;2011;14;201113
2011;14;0;2011;12;201114
2011;15;0;2011;10;201115
2011;16;0;2011;8;201116
2011;17;0;2011;4;201117
2011;18;0;2011;8;201118
2011;19;0;2011;9;201119
2011;20;0;2011;6;201120
2011;21;0;2011;4;201121
2011;22;0;2011;5;201122
2011;23;0;2011;5;201123
2011;24;0;2011;6;201124
2011;25;0;2011;6;201125
2011;26;0;2012;2;201126
2011;27;0;2012;6;201127
2011;28;0;2012;3;201128
2011;29;0;2012;4;201129
2011;30;0;2012;6;201130
2011;31;0;2012;4;201131
2011;32;0;2012;4;201132
2011;33;0;2012;4;201133
2011;34;0;2012;5;201134
2011;35;0;2012;7;201135
2011;36;0;2012;7;201136
2011;37;0;2012;13;201137
2011;38;0;2012;22;201138
2011;39;0;2012;27;201139
2011;40;0;2012;22;201140
2011;41;0;2012;12;201141
2011;42;0;2012;27;201142
2011;43;0;2012;34;201143
2011;44;0;2012;22;201144
2011;45;0;2012;29;201145
2011;46;0;2012;35;201146
2011;47;0;2012;28;201147
2011;48;0;2012;51;201148
2011;49;0;2012;43;201149
2011;50;0;2012;38;201150
2011;51;0;2012;41;201151
2011;52;0;2012;58;201152
2012;1;0;2012;71;201201
2012;2;0;2012;64;201202
2012;3;0;2012;78;201203
2012;4;0;2012;107;201204
2012;5;1;2012;167;201205
2012;6;1;2012;276;201206
2012;7;1;2012;415;201207
2012;8;1;2012;452;201208
2012;9;1;2012;355;201209
2012;10;1;2012;275;201210
2012;11;1;2012;203;201211
2012;12;1;2012;133;201212
2012;13;0;2012;99;201213
2012;14;0;2012;58;201214
2012;15;0;2012;32;201215
2012;16;0;2012;18;201216
2012;17;0;2012;11;201217
2012;18;0;2012;4;201218
2012;19;0;2012;5;201219
2012;20;0;2012;4;201220
2012;21;0;2012;6;201221
2012;22;0;2012;9;201222
2012;23;0;2012;4;201223
2012;24;0;2012;9;201224
2012;25;0;2012;4;201225
2012;26;0;2013;8;201226
2012;27;0;2013;7;201227
2012;28;0;2013;7;201228
2012;29;0;2013;10;201229
2012;30;0;2013;3;201230
2012;31;0;2013;4;201231
2012;32;0;2013;10;201232
2012;33;0;2013;10;201233
2012;34;0;2013;6;201234
2012;35;0;2013;13;201235
2012;36;0;2013;10;201236
2012;37;0;2013;12;201237
2012;38;0;2013;23;201238
2012;39;0;2013;32;201239
2012;40;0;2013;28;201240
2012;41;0;2013;29;201241
2012;42;0;2013;21;201242
2012;43;0;2013;28;201243
2012;44;0;2013;21;201244
2012;45;0;2013;30;201245
2012;46;0;2013;42;201246
2012;47;0;2013;62;201247
2012;48;0;2013;68;201248
2012;49;0;2013;75;201249
2012;50;0;2013;126;201250
2012;51;1;2013;179;201251
2012;52;1;2013;251;201252
2013;1;1;2013;256;201301
2013;2;1;2013;288;201302
2013;3;1;2013;352;201303
2013;4;1;2013;613;201304
2013;5;1;2013;770;201305
2013;6;1;2013;738;201306
2013;7;1;2013;736;201307
2013;8;1;2013;550;201308
2013;9;1;2013;407;201309
2013;10;1;2013;259;201310
2013;11;1;2013;132;201311
2013;12;0;2013;95;201312
2013;13;0;2013;68;201313
2013;14;0;2013;58;201314
2013;15;0;2013;30;201315
2013;16;0;2013;15;201316
2013;17;0;2013;12;201317
2013;18;0;2013;5;201318
2013;19;0;2013;2;201319
2013;20;0;2013;6;201320
2013;21;0;2013;9;201321
2013;22;0;2013;11;201322
2013;23;0;2013;25;201323
2013;24;0;2013;11;201324
2013;25;0;2013;4;201325
2013;26;0;2013;5;201326
2013;27;0;2014;7;201327
2013;28;0;2014;2;201328
2013;29;0;2014;3;201329
2013;30;0;2014;3;201330
2013;31;0;2014;4;201331
2013;32;0;2014;7;201332
2013;33;0;2014;7;201333
2013;34;0;2014;3;201334
2013;35;0;2014;2;201335
2013;36;0;2014;7;201336
2013;37;0;2014;8;201337
2013;38;0;2014;15;201338
2013;39;0;2014;8;201339
2013;40;0;2014;15;201340
2013;41;0;2014;19;201341
2013;42;0;2014;23;201342
2013;43;0;2014;25;201343
2013;44;0;2014;16;201344
2013;45;0;2014;17;201345
2013;46;0;2014;21;201346
2013;47;0;2014;35;201347
2013;48;0;2014;28;201348
2013;49;0;2014;28;201349
2013;50;0;2014;38;201350
2013;51;0;2014;47;201351
2013;52;0;2014;47;201352
2014;1;0;2014;55;201401
2014;2;0;2014;73;201402
2014;3;0;2014;100;201403
2014;4;0;2014;133;201404
2014;5;1;2014;187;201405
2014;6;1;2014;250;201406
2014;7;1;2014;325;201407
2014;8;1;2014;293;201408
2014;9;1;2014;229;201409
2014;10;0;2014;134;201410
2014;11;0;2014;69;201411
2014;12;0;2014;37;201412
2014;13;0;2014;34;201413
2014;14;0;2014;30;201414
2014;15;0;2014;17;201415
2014;16;0;2014;11;201416
2014;17;0;2014;5;201417
2014;18;0;2014;7;201418
2014;19;0;2014;6;201419
2014;20;0;2014;9;201420
2014;21;0;2014;7;201421
2014;22;0;2014;11;201422
2014;23;0;2014;8;201423
2014;24;0;2014;3;201424
2014;25;0;2014;7;201425
2014;26;0;2014;6;201426
2014;27;0;2015;8;201427
2014;28;0;2015;6;201428
2014;29;0;2015;8;201429
2014;30;0;2015;7;201430
2014;31;0;2015;6;201431
2014;32;0;2015;5;201432
2014;33;0;2015;4;201433
2014;34;0;2015;4;201434
2014;35;0;2015;4;201435
2014;36;0;2015;8;201436
2014;37;0;2015;12;201437
2014;38;0;2015;16;201438
2014;39;0;2015;13;201439
2014;40;0;2015;26;201440
2014;41;0;2015;35;201441
2014;42;0;2015;34;201442
2014;43;0;2015;25;201443
2014;44;0;2015;24;201444
2014;45;0;2015;25;201445
2014;46;0;2015;23;201446
2014;47;0;2015;28;201447
2014;48;0;2015;44;201448
2014;49;0;2015;52;201449
2014;50;0;2015;66;201450
2014;51;0;2015;71;201451
2014;52;0;2015;98;201452
2015;1;0;2015;110;201501
2015;2;0;2015;161;201502
2015;3;1;2015;239;201503
2015;4;1;2015;453;201504
2015;5;1;2015;710;201505
2015;6;1;2015;827;201506
2015;7;1;2015;802;201507
2015;8;1;2015;635;201508
2015;9;1;2015;370;201509
2015;10;1;2015;223;201510
2015;11;1;2015;154;201511
2015;12;0;2015;109;201512
2015;13;0;2015;77;201513
2015;14;0;2015;48;201514
2015;15;0;2015;30;201515
2015;16;0;2015;19;201516
2015;17;0;2015;10;201517
2015;18;0;2015;6;201518
2015;19;0;2015;10;201519
2015;20;0;2015;7;201520
2015;21;0;2015;9;201521
2015;22;0;2015;7;201522
2015;23;0;2015;4;201523
2015;24;0;2015;4;201524
2015;25;0;2015;4;201525
2015;26;0;2015;4;201526
2015;27;0;2016;3;201527
2015;28;0;2016;3;201528
2015;29;0;2016;4;201529
2015;30;0;2016;4;201530
2015;31;0;2016;4;201531
2015;32;0;2016;2;201532
2015;33;0;2016;2;201533
2015;34;0;2016;1;201534
2015;35;0;2016;0;201535
2015;36;0;2016;3;201536
2015;37;0;2016;14;201537
2015;38;0;2016;13;201538
2015;39;0;2016;13;201539
2015;40;0;2016;20;201540
2015;41;0;2016;21;201541
2015;42;0;2016;29;201542
2015;43;0;2016;26;201543
2015;44;0;2016;23;201544
2015;45;0;2016;21;201545
2015;46;0;2016;20;201546
2015;47;0;2016;23;201547
2015;48;0;2016;25;201548
2015;49;0;2016;33;201549
2015;50;0;2016;39;201550
2015;51;0;2016;45;201551
2015;52;0;2016;30;201552
2015;53;0;2016;38;201553
2016;1;0;2016;65;201601
2016;2;0;2016;68;201602
2016;3;0;2016;116;201603
2016;4;1;2016;228;201604
2016;5;1;2016;275;201605
2016;6;1;2016;301;201606
2016;7;1;2016;318;201607
2016;8;1;2016;299;201608
2016;9;1;2016;353;201609
2016;10;1;2016;402;201610
2016;11;1;2016;467;201611
2016;12;1;2016;418;201612
2016;13;1;2016;262;201613
2016;14;1;2016;143;201614
2016;15;1;2016;86;201615
2016;16;0;2016;39;201616
2016;17;0;2016;21;201617
2016;18;0;2016;13;201618
2016;19;0;2016;7;201619
2016;20;0;2016;6;201620
2016;21;0;2016;9;201621
2016;22;0;2016;9;201622
2016;23;0;2016;8;201623
2016;24;0;2016;8;201624
2016;25;0;2016;7;201625
2016;26;0;2016;6;201626
2016;27;0;2016;9;201627
2016;28;0;2017;4;201628
2016;29;0;2017;2;201629
2016;30;0;2017;5;201630
2016;31;0;2017;6;201631
2016;32;0;2017;3;201632
2016;33;0;2017;2;201633
2016;34;0;2017;3;201634
2016;35;0;2017;5;201635
2016;36;0;2017;4;201636
2016;37;0;2017;6;201637
2016;38;0;2017;9;201638
2016;39;0;2017;16;201639
2016;40;0;2017;21;201640
2016;41;0;2017;21;201641
2016;42;0;2017;20;201642
2016;43;0;2017;14;201643
2016;44;0;2017;23;201644
2016;45;0;2017;24;201645
2016;46;0;2017;32;201646
2016;47;0;2017;34;201647
2016;48;0;2017;62;201648
2016;49;0;2017;117;201649
2016;50;1;2017;194;201650
2016;51;1;2017;288;201651
2016;52;1;2017;345;201652
2017;1;1;2017;392;201701
2017;2;1;2017;400;201702
2017;3;1;2017;410;201703
2017;4;1;2017;394;201704
2017;5;1;2017;297;201705
2017;6;0;2017;144;201706
2017;7;0;2017;91;201707
2017;8;0;2017;45;201708
2017;9;0;2017;20;201709
2017;10;0;2017;18;201710
2017;11;0;2017;12;201711
2017;12;0;2017;13;201712
2017;13;0;2017;12;201713
2017;14;0;2017;2;201714
2017;15;0;2017;1;201715
2017;16;0;2017;2;201716
2017;17;0;2017;3;201717
2017;18;0;2017;3;201718
2017;19;0;2017;5;201719
2017;20;0;2017;4;201720
2017;21;0;2017;1;201721
2017;22;0;2017;2;201722
2017;23;0;2017;3;201723
2017;24;0;2017;2;201724
2017;25;0;2017;1;201725
2017;26;0;2017;5;201726
2017;27;0;2017;6;201727
2017;28;0;2018;8;201728
2017;29;0;2018;8;201729
2017;30;0;2018;6;201730
2017;31;0;2018;5;201731
2017;32;0;2018;4;201732
2017;33;0;2018;4;201733
2017;34;0;2018;4;201734
2017;35;0;2018;4;201735
2017;36;0;2018;4;201736
2017;37;0;2018;15;201737
2017;38;0;2018;18;201738
2017;39;0;2018;23;201739
2017;40;0;2018;20;201740
2017;41;0;2018;19;201741
2017;42;0;2018;15;201742
2017;43;0;2018;11;201743
2017;44;0;2018;13;201744
2017;45;0;2018;22;201745
2017;46;0;2018;21;201746
2017;47;0;2018;38;201747
2017;48;0;2018;58;201748
2017;49;0;2018;98;201749
2017;50;1;2018;199;201750
2017;51;1;2018;352;201751
2017;52;1;2018;459;201752
2018;1;1;2018;358;201801
2018;2;1;2018;302;201802
2018;3;1;2018;271;201803
2018;4;1;2018;267;201804
2018;5;1;2018;240;201805
2018;6;1;2018;211;201806
2018;7;1;2018;215;201807
2018;8;1;2018;201;201808
2018;9;1;2018;165;201809
2018;10;1;2018;142;201810
2018;11;0;2018;99;201811
2018;12;0;2018;79;201812
2018;13;0;2018;50;201813
2018;14;0;2018;35;201814
2018;15;0;2018;25;201815
2018;16;0;2018;7;201816
2018;17;0;2018;4;201817
2018;18;0;2018;5;201818
2018;19;0;2018;2;201819
2018;20;0;2018;4;201820
2018;21;0;2018;4;201821
2018;22;0;2018;5;201822
2018;23;0;2018;2;201823
2018;24;0;2018;5;201824
2018;25;0;2018;7;201825
2018;26;0;2018;6;201826
2018;27;0;2018;5;201827
2018;28;0;2019;3;201828
2018;29;0;2019;3;201829
2018;30;0;2019;3;201830
2018;31;0;2019;3;201831
2018;32;0;2019;3;201832
2018;33;0;2019;0;201833
2018;34;0;2019;2;201834
2018;35;0;2019;2;201835
2018;36;0;2019;5;201836
2018;37;0;2019;7;201837
2018;38;0;2019;9;201838
2018;39;0;2019;11;201839
2018;40;0;2019;11;201840
2018;41;0;2019;12;201841
2018;42;0;2019;12;201842
2018;43;0;2019;10;201843
2018;44;0;2019;10;201844
2018;45;0;2019;17;201845
2018;46;0;2019;17;201846
2018;47;0;2019;24;201847
2018;48;0;2019;30;201848
2018;49;0;2019;30;201849
2018;50;0;2019;42;201850
2018;51;0;2019;60;201851
2018;52;0;2019;58;201852
2019;1;0;2019;76;201901
2019;2;0;2019;115;201902
2019;3;0;2019;223;201903
2019;4;0;2019;366;201904
2019;5;0;2019;540;201905
2019;6;0;2019;599;201906
2019;7;0;2019;467;201907
2019;8;0;2019;262;201908
2019;9;0;2019;121;201909
2019;10;0;2019;87;201910